"id","name","address","zip_code","city_id","country_code","kind_of_organization_id","total_asset","total_liability","registration_body_id","registration_date"
"AL-DOT-123669","Darkness on the Edge of Town","119 Kyle Extensions Apt. 937",13011,150,"AL",9,45472664.0,1561822.0,31,"2011-06-28"
"AT-FEM-585738","For Emma","773 Adams Motorway Suite 475",9592,358,"AT",7,89277750.0,2301096.0,1,"2011-10-27"
"AT-LAD-707649","Life After Death","0485 Autumn Keys",60983,402,"AT",8,702367.0,78808.0,1,"2018-05-22"
"AT-TDS-702180","The Downward Spiral","3295 Patricia Island",28099,402,"AT",2,2089716.0,985024.0,1,"2016-07-10"
"AT-TGT-268399","The Great Twenty-Eight","PSC 3008",54100,14,"AT",9,1141348.0,164384.0,1,"2015-02-20"
"AT-VIO-100054","Violator","36130 Ryan Tunnel Suite 044",68185,321,"AT",5,1124684.0,409265.0,1,"2019-02-13"
"BA-CAD-147381","CTRL ALT DELETE","8668 Medina Spur",21417,60,"BA",5,5613752.0,306686.0,42,"2013-05-03"
"BA-DVU-307138","Deja Vu","4774 Smith Crossing Apt. 679",79068,471,"BA",8,593026.0,55158.0,42,"2011-05-27"
"BA-KOT-640694","Kick Out the Jams","2026 Brittany Fall",74108,60,"BA",10,687537.0,475127.0,42,"2010-03-09"
"BA-SDF-607781","Supa Dupa Fly","96324 Brenda Dam Suite 592",49268,471,"BA",7,94866533.0,166744.0,42,"2015-11-30"
"BE-EIT-499285","Either/Or","Unit 3048 Box 8112",90854,370,"BE",11,47120980.0,6529336.0,2,"2022-03-15"
"BE-GRA-946833","Graduation","91916 Kathryn Manors Suite 806",69159,122,"BE",2,514714.0,5558.0,2,"2015-04-29"
"BE-JIS-419372","Journey in Satchidanada","Unit 5297 Box 7412",94939,303,"BE",5,7973647.0,788208.0,2,"2010-12-23"
"BE-SPI-852086","Surrealistic Pillow","43880 Jessica Fort",46870,303,"BE",8,7260090.0,144940.0,2,"2023-12-08"
"BG-AVA-233971","Avalon","037 Catherine Street Suite 051",76028,385,"BG",10,8791902.0,6773380.0,3,"2013-12-05"
"BG-BOT-940919","Bridge Over Troubled Water","076 Ryan Plains Suite 407",85997,173,"BG",13,53408671.0,8301525.0,3,"2015-03-10"
"BG-JPR-635280","John Prine","PSC 7283",73950,385,"BG",6,26048550.0,3837259.0,3,"2018-01-23"
"BG-MOO-113770","Moondance","1408 James Ridges",57775,385,"BG",9,738431.0,12153.0,3,"2012-07-10"
"BG-SBJ-718045","Sweet Baby James","42737 Matthew Valleys",5317,173,"BG",2,23519559.0,9847779.0,3,"2019-11-04"
"BG-TFB-245839","The Freewheelin' Bob Dylan","682 Palmer Turnpike",32892,173,"BG",10,502995.0,323104.0,3,"2023-02-18"
"BG-TIC-119777","The Immaculate Collection","68556 Singh Ridge Suite 164",19074,173,"BG",10,58534762.0,9334922.0,3,"2022-05-12"
"BY-ANA-641524","A Night at the Opera","7689 Jill Trace",42350,195,"BY",3,583519.0,969.0,32,"2012-08-26"
"BY-ELE-205872","Elephant","79918 Marks Meadows",93265,171,"BY",11,786118.0,15294.0,32,"2009-11-24"
"BY-H6R-508178","Highway 61 Revisited","384 James Forge",33594,10,"BY",2,610088.0,66175.0,32,"2013-12-21"
"BY-LIS-848091","Lady in Satin","79592 Natasha Landing",35588,451,"BY",11,992280.0,61066.0,32,"2009-05-18"
"BY-PSO-262273","Pet Sounds","4195 Kevin Crossing Suite 128",16364,114,"BY",9,7043299.0,7954250.0,32,"2011-10-24"
"CH-ELA-646716","Electric Ladyland","478 Sean Lodge",99738,172,"CH",4,901391.0,17283.0,38,"2011-09-05"
"CH-IYR-809170","If You're Reading This It's Too Late","07776 Williams Lodge",90385,470,"CH",7,392603.0,21656.0,38,"2020-07-19"
"CH-ODE-629099","Odelay","0022 David Valley Suite 989",38694,470,"CH",5,8268216.0,255126.0,38,"2021-08-28"
"CZ-ALI-120965","Alive!","313 Jessica Tunnel",21772,204,"CZ",6,75030910.0,3454722.0,6,"2018-03-17"
"CZ-BOO-878977","Bat Out of Hell","00109 Raymond Ferry",11474,153,"CZ",5,684822.0,8998.0,6,"2023-10-17"
"CZ-BRI-957762","Bizarre Ride II the Pharcyde","951 Barker Rue Apt. 754",40811,153,"CZ",4,6467227.0,572753.0,6,"2011-02-07"
"CZ-ETW-202622","Enter the Wu-Tang","027 Sullivan Island Apt. 940",88143,473,"CZ",1,433519.0,73379.0,6,"2021-02-12"
"CZ-LGI-326032","Let's Get It On","6904 Dale Lakes Apt. 562",18547,184,"CZ",7,8152951.0,862121.0,6,"2009-04-05"
"CZ-WAT-296106","Willy and the Poor Boys","87809 Flores Flats",96482,204,"CZ",2,3549803.0,168100.0,6,"2021-08-09"
"DE-21X-625132","21","77285 Amanda Route Apt. 699",73838,440,"DE",2,61987294.0,5014893.0,11,"2022-08-11"
"DE-2GG-749422","20 Golden Greats","5968 Bauer Trace Suite 335",11215,481,"DE",9,310396.0,17754.0,11,"2024-03-11"
"DE-AFD-486285","Appetite for Destruction","94431 Brock Street Suite 137",42447,86,"DE",12,7126043.0,448192.0,11,"2021-07-05"
"DE-ANT-460128","Anthology","69336 David Curve",80990,203,"DE",1,5269820.0,390314.0,11,"2011-06-19"
"DE-AQU-240667","Aquemini","PSC 7832",91523,301,"DE",1,4143173.0,387903.0,11,"2012-03-24"
"DE-ARO-587575","Abbey Road","32689 Bonnie Cliff Suite 290",60051,481,"DE",8,92933437.0,8183277.0,11,"2021-07-21"
"DE-ARU-233436","Arular","Unit 8853 Box 7065",69367,159,"DE",7,262008.0,74676.0,11,"2009-06-17"
"DE-ATF-423109","At the Fillmore East","8191 Fuentes Harbor",19384,276,"DE",13,761916.0,77561.0,11,"2021-08-09"
"DE-BLO-358828","Blonde","4570 Christopher Manor Apt. 784",73800,440,"DE",8,153432.0,37475.0,11,"2018-06-02"
"DE-BSS-508161","Blood Sugar Sex Magik","45253 Lacey Turnpike Apt. 297",77714,229,"DE",13,4030649.0,667689.0,11,"2017-03-09"
"DE-BTW-837172","Born This Way","584 Jessica Forges Apt. 325",68755,4,"DE",1,169412.0,87249.0,11,"2021-12-06"
"DE-CAL-961174","Californication","45973 Sharon Crest",12817,276,"DE",4,27294200.0,7558616.0,11,"2017-11-14"
"DE-CAW-858579","Clouds as Witnesses","Unit 0283 Box 3757",71239,409,"DE",11,7301705.0,248697.0,11,"2017-10-29"
"DE-CON-691393","Control","99260 Peck Highway Apt. 025",26869,386,"DE",3,36848957.0,6225309.0,11,"2013-07-15"
"DE-COR-550947","Channel Orange","95176 Christopher Wells Apt. 287",11124,230,"DE",2,95820.0,24493.0,11,"2016-02-12"
"DE-CUT-424998","Cut","73518 Mark Ford",41478,255,"DE",2,52274715.0,1741810.0,11,"2022-12-03"
"DE-CWO-248975","Car Wheels on a Gravel Road","552 Caleb Road Suite 814",33463,253,"DE",1,258691.0,83435.0,11,"2013-12-09"
"DE-EAG-908687","Eagles","5228 Tim Loaf Apt. 227",38247,257,"DE",8,46367802.0,5373331.0,11,"2023-04-29"
"DE-ENT-953119","Entertainment!","334 Hickman Center Apt. 601",75406,276,"DE",8,870936.0,16292.0,11,"2022-03-15"
"DE-EPR-482316","Elvis Presley","32527 Smith Summit Suite 648",57370,301,"DE",9,167172.0,33474.0,11,"2020-01-08"
"DE-FCH-897160","Forever Changes","01994 Cardenas Road Suite 767",9699,76,"DE",11,8233593.0,172194.0,11,"2018-09-06"
"DE-FEI-236651","From Elvis in Memphis","15189 Kathryn Common Apt. 416",64520,229,"DE",4,2334071.0,54190.0,11,"2024-01-17"
"DE-FTT-716277","Fever to Tell","05345 Cook Manor Apt. 339",33842,329,"DE",13,3987261.0,268714.0,11,"2020-01-07"
"DE-HCH-524137","Honky Chateau","05627 Melissa Cliff",16132,12,"DE",2,78517537.0,6302133.0,11,"2014-04-17"
"DE-HOT-913774","Houses of the Holy","587 Craig Mews",9331,380,"DE",2,628005.0,144838.0,11,"2023-02-19"
"DE-IIX-412314","II","0465 Ashley Forks",78392,334,"DE",4,9262973.0,654802.0,11,"2017-07-19"
"DE-ITA-616606","In the Aeroplane Over the Sea","348 Gomez Mill",61779,481,"DE",3,7193919.0,332523.0,11,"2020-02-27"
"DE-LDE-652041","Love Deluxe","2331 Rose Forks Suite 824",10718,329,"DE",8,570368.0,73559.0,11,"2017-08-17"
"DE-LOW-204855","Low","2243 Walters Corner",95537,463,"DE",5,722398.0,25877.0,11,"2022-02-16"
"DE-MBR-652754","Maggott Brain","25251 Williams Plains Apt. 266",88879,366,"DE",4,3696586.0,77513.0,11,"2015-11-29"
"DE-MLI-152418","My Life","0291 Patricia Turnpike",42927,136,"DE",6,4710112.0,715710.0,11,"2018-11-16"
"DE-MMA-346396","Midnight Marauders","37369 Mcgrath Pike",35783,315,"DE",9,6633615.0,744933.0,11,"2021-02-01"
"DE-MOM-167396","Music of My Mind","USNV Valentine",45972,281,"DE",9,887751.0,53006.0,11,"2009-12-09"
"DE-MSK-375153","Mama Said Knock You Out","2749 Marshall Square",52899,105,"DE",12,4876499.0,341073.0,11,"2011-10-06"
"DE-MVO-922088","Modern Vampires of the City","578 Lara Trail Apt. 820",4690,109,"DE",13,253455.0,1883.0,11,"2011-05-27"
"DE-NEV-433398","Nevermind","61116 Heidi Island Apt. 897",37974,22,"DE",9,78148054.0,9120140.0,11,"2020-12-18"
"DE-NHO-177564","New House","28422 Larson Branch Suite 891",88096,78,"DE",8,913020.0,84496.0,11,"2010-11-17"
"DE-ONU-910753","One Nation Under a Groove","5679 Rich Turnpike",29159,481,"DE",6,4855355.0,134202.0,11,"2017-12-11"
"DE-PC&-776539","Power, Corruption & Lies","0436 Wilson Shore Apt. 101",52543,409,"DE",13,3626707.0,303359.0,11,"2015-12-21"
"DE-POS-834243","Post","Unit 6361 Box 8963",24043,288,"DE",7,789730.0,85541.0,11,"2014-02-04"
"DE-PSI-328932","Paul Simon","393 Ward Trail",99276,408,"DE",1,97400481.0,9573845.0,11,"2021-01-29"
"DE-PSY-801686","Psychodrama","Unit 5443 Box 6147",5309,268,"DE",10,11946662.0,503859.0,11,"2013-06-12"
"DE-RHS-331070","Red Handed Stranger","268 Monica Place Apt. 053",77062,250,"DE",7,320207.0,40472.0,11,"2017-09-19"
"DE-RIL-486985","Remain in Light","8856 Eric Plains Apt. 561",13467,301,"DE",1,469267.0,256556.0,11,"2024-02-21"
"DE-ROU-912978","Reach Out","68354 Christian Union",9027,136,"DE",13,29876.0,68971.0,11,"2009-11-06"
"DE-SAE-569015","Slanted and Enchanted","USNV Jackson",18491,386,"DE",12,69455675.0,4222956.0,11,"2009-07-11"
"DE-SAN-206042","Sandinista","526 Kyle Haven Apt. 075",31066,267,"DE",8,6647777.0,439728.0,11,"2017-03-10"
"DE-SBI-173469","Still Bill","03821 Samantha Alley Suite 623",27142,79,"DE",6,41609115.0,8915137.0,11,"2017-07-31"
"DE-SIT-785942","Songs in the Key of Life","Unit 6130 Box 1994",40708,307,"DE",4,620094.0,94199.0,11,"2022-11-08"
"DE-SPL-591174","Sgt. Pepper's Lonely Hearts Club Band","64997 Ross Spurs Suite 937",57087,486,"DE",1,19029419.0,8664879.0,11,"2011-08-14"
"DE-SSO-986668","Sleepy Soldier","277 Rebecca Parkway Suite 921",97358,65,"DE",7,128130.0,60950.0,11,"2016-06-30"
"DE-TBO-328344","Talking Book","4082 Jennifer Glens",92480,334,"DE",2,6739111.0,864063.0,11,"2023-01-01"
"DE-TBT-523762","The Basement Tapes","804 White Ranch",68271,22,"DE",8,7778857.0,520485.0,11,"2012-06-15"
"DE-TCI-824729","Tha Carter II","679 Brown Parkway Apt. 372",62011,481,"DE",2,874430.0,89625.0,11,"2020-06-10"
"DE-THT-699156","The Harder They Come","76184 Lisa Ramp Apt. 938",68235,22,"DE",13,6070552.0,2947243.0,11,"2022-08-05"
"DE-TIN-907581","The Infamous","48274 Collins Expressway Suite 889",50844,79,"DE",8,69552.0,28842.0,11,"2015-06-17"
"DE-TOM-773438","Tommy","40966 Buchanan Lane Suite 496",49522,86,"DE",11,5250506.0,260124.0,11,"2017-04-25"
"DE-TPA-874034","The Piper at the Gates of Dawn","26662 Mendoza Mission Apt. 517",71807,107,"DE",8,269512.0,826939.0,11,"2013-03-14"
"DE-TSS-486618","The Slim Shady LP","8264 Landry Hollow",34304,230,"DE",3,2916154.0,792686.0,11,"2012-06-13"
"DE-TWO-195605","The Writing's on the Wall","07320 Anderson Ferry",44012,249,"DE",7,5265453.0,81617.0,11,"2022-02-11"
"DE-TWS-727312","The Who Sell Out","0995 Sarah Village",94210,136,"DE",8,74150273.0,7500771.0,11,"2013-05-07"
"DE-TYM-359438","This Year's Model","9688 Stevens Divide",22790,315,"DE",6,846249.0,38516.0,11,"2009-07-18"
"DE-WAL-133432","White Album","06048 Samantha Streets",73755,366,"DE",7,4141020.0,87846.0,11,"2012-07-21"
"DE-WDE-415347","Workingman's Dead","853 Michael Expressway Suite 862",41039,301,"DE",12,2937738.0,4622596.0,11,"2022-03-13"
"DE-WHO-149643","Whitney Houston","USS Kim",22459,408,"DE",11,9834662.0,583977.0,11,"2013-09-10"
"DE-WLA-579409","White Ladder","0816 Johnson Fall",20311,307,"DE",8,51328696.0,4436005.0,11,"2011-01-20"
"DE-WNE-490078","Who's Next","13792 Patterson Shoal",92950,268,"DE",6,209584.0,59763.0,11,"2018-12-16"
"DE-YFH-342760","Yankee Foxtrot Hotel","95978 Matthew Groves",48286,86,"DE",9,8443931.0,43527.0,11,"2024-02-10"
"DK-IMA-560238","Imagine","937 Rebecca Gardens",68744,289,"DK",4,619135.0,13578.0,7,"2019-01-09"
"ES-4DE-741537","400 Degreez","292 Sanchez Roads Suite 448",18981,356,"ES",10,796129.0,10974.0,29,"2018-07-07"
"ES-AFT-203781","Aftermath","080 Ashley Lake Apt. 195",74596,192,"ES",5,865330.0,98227.0,29,"2010-08-08"
"ES-AFT-628999","Automatic for the People","0012 Sims Manors Suite 992",94851,456,"ES",11,3065636.0,313621.0,29,"2017-03-30"
"ES-AGR-885134","Amazing Grace","20811 Williams Meadows Suite 435",5583,282,"ES",5,5253345.0,915449.0,29,"2020-06-09"
"ES-ANT-312143","Anti","530 Johnson Bridge Apt. 704",16712,237,"ES",12,66965770.0,1006008.0,29,"2009-12-24"
"ES-ARU-643910","Ask Rufus","USS Howard",78619,326,"ES",10,32117641.0,3671694.0,29,"2017-07-11"
"ES-AST-619513","Astroworld","Unit 9031 Box 1367",3592,397,"ES",8,186897.0,43297.0,29,"2022-06-04"
"ES-BBA-402355","Beggars Banquet","7589 Patrick Junctions",99862,305,"ES",2,37900321.0,4233812.0,29,"2011-10-03"
"ES-BBR-879261","Bitches Brew","7440 Roger Shoal",90941,294,"ES",4,1498790.0,653809.0,29,"2009-04-04"
"ES-BBT-788124","Beauty Behind the Madness","35662 Thompson Greens",52132,5,"ES",9,2639570.0,749385.0,29,"2022-05-19"
"ES-BFI-842081","Barrio Fino","430 Pittman Manors Apt. 720",6524,220,"ES",3,77585326.0,5626686.0,29,"2019-08-04"
"ES-BLA-843534","Blacksummer'snight","044 Keller Glens",39641,139,"ES",10,30473422.0,4812941.0,29,"2009-06-03"
"ES-BLI-661584","Blue Lines","1493 Wall Mills",27668,282,"ES",6,3586985.0,672291.0,29,"2009-09-04"
"ES-BTR-416544","Born to Run","7988 Robert Camp Apt. 790",24312,5,"ES",9,6839052.0,641282.0,29,"2012-05-07"
"ES-CHI-927379","Chief","0926 Potts Camp",62836,415,"ES",7,3670690.0,534445.0,29,"2014-05-08"
"ES-COO-951075","Come on Over","8640 Ruiz Extensions Suite 850",30805,482,"ES",2,78119233.0,1415798.0,29,"2010-01-10"
"ES-CSA-653454","Crosby, Stills, and Nash","737 Cobb Grove Apt. 826",90834,252,"ES",10,380658.0,16806.0,29,"2016-08-17"
"ES-CTT-151183","Close to the Edge","9909 Garrett Glens Suite 441",19167,407,"ES",1,428240.0,38624.0,29,"2017-01-25"
"ES-DEL-813896","Donde Estan los Ladrones","9849 John Mission Suite 508",41294,89,"ES",11,946935.0,68854.0,29,"2017-01-04"
"ES-DIA-368583","Diana","1561 Gregory Forest",99743,415,"ES",3,6760651.0,9882642.0,29,"2020-01-11"
"ES-DMI-747289","Dirty Mind","Unit 3318 Box 3318",65395,454,"ES",7,460793.0,461423.0,29,"2015-05-21"
"ES-DNA-331858","Daydream Nation","48048 Vazquez Flat",22239,354,"ES",5,82872160.0,4171027.0,29,"2023-10-01"
"ES-DNO-519937","Double Nickels on the Dime","034 Koch Prairie",19083,305,"ES",8,9701789.0,575996.0,29,"2013-02-12"
"ES-EMQ-319208","El Mal Querer","913 Lyons Rest Suite 267",83243,62,"ES",10,51137613.0,9225015.0,29,"2022-02-18"
"ES-EWA-786086","Electric Warrior","0061 Martinez Plain Apt. 549",39980,294,"ES",11,33718978.0,897501.0,29,"2014-10-20"
"ES-FYP-576992","For Your Pleasure","59993 Young Plaza",86680,296,"ES",13,78580878.0,1946612.0,29,"2014-12-13"
"ES-GHO-225479","Golden Hour","USCGC Smith",44995,15,"ES",6,11936105.0,3507287.0,29,"2009-12-30"
"ES-GOO-221536","Goo","346 Chase Parks Apt. 402",62823,498,"ES",2,35076774.0,9374619.0,29,"2019-05-25"
"ES-GRA-721781","Graceland","12291 Garcia Ramp Suite 585",74841,62,"ES",3,439322.0,50805.0,29,"2011-07-21"
"ES-GRI-535555","Gris-Gris","54824 Rivera Spurs Apt. 138",82919,128,"ES",1,434627.0,24646.0,29,"2023-07-24"
"ES-HMD-721254","Here My Dear","PSC 1501",84354,139,"ES",11,23797415.0,2993301.0,29,"2021-07-13"
"ES-IYF-959879","If You're Feeling Sinister","232 Kimberly Shore Suite 618",13557,319,"ES",5,6518546.0,310641.0,29,"2017-04-05"
"ES-LEA-459309","Little Earthquake","429 Jessica Gateway Suite 609",83935,279,"ES",8,29649987.0,5266177.0,29,"2009-10-14"
"ES-LSP-276782","Last Splash","483 Mitchell Greens Suite 859",75005,62,"ES",12,4534047.0,569714.0,29,"2011-02-25"
"ES-LTI-855912","Liscensed to Ill","9417 Chad Square",60736,319,"ES",11,697253.0,70162.0,29,"2016-09-12"
"ES-LZI-162735","Led Zeppelin II","12072 Traci Harbor Apt. 220",28124,379,"ES",12,1826703.0,665312.0,29,"2010-09-24"
"ES-MET-176691","Metallica","340 Brittany Curve",10229,237,"ES",1,888558.0,83227.0,29,"2011-02-06"
"ES-NDR-744915","New Day Rising","96755 Hayes Place",34738,328,"ES",7,274402.0,8902.0,29,"2014-02-14"
"ES-NMT-393167","Never Mind the Bollocks Here's the Sex Pistols","40409 Brown Island Apt. 991",94790,164,"ES",5,4339943.0,7772.0,29,"2016-04-20"
"ES-OB4-889153","Only Built 4 Cuban Linx","8739 White Junction Suite 477",65474,279,"ES",11,39905590.0,4789527.0,29,"2024-01-19"
"ES-RCI-755079","Radio City","78805 Hopkins Throughway",54529,359,"ES",10,149318.0,43621.0,29,"2016-11-29"
"ES-RDI-718028","Raw Dinner","1579 Joshua Summit Apt. 132",4935,359,"ES",10,87771702.0,2485107.0,29,"2010-04-03"
"ES-RIS-408332","Risque","199 Crystal Greens Apt. 905",70119,237,"ES",6,83969206.0,7376025.0,29,"2018-09-17"
"ES-RSO-434471","Rubber Soul","185 Ricardo Shoal Apt. 165",35000,354,"ES",5,979836.0,28050.0,29,"2023-11-23"
"ES-SGI-342103","Some Girls","673 Sydney Throughway Suite 617",55358,57,"ES",6,1728649.0,121417.0,29,"2016-07-26"
"ES-SMO-557556","Scary Monsters","PSC 4323",15431,89,"ES",12,88203239.0,5300778.0,29,"2012-05-09"
"ES-SOT-942791","Sweetheart of the Rodeo","3225 Angela Plain",68727,146,"ES",13,5985898.0,34256.0,29,"2013-05-08"
"ES-SSU-717510","She's So Unusual","292 Kathleen Ridges Apt. 073",45235,381,"ES",9,90309741.0,6724809.0,29,"2019-01-16"
"ES-SUI-352055","Suicide","9039 Rick Bridge",84462,146,"ES",8,16547391.0,9263221.0,29,"2009-11-20"
"ES-TB--457060","The B-52's","Unit 6651 Box 7673",61086,397,"ES",3,656071.0,36541.0,29,"2021-06-01"
"ES-TBE-452899","The Beatles","09149 Russell Square Apt. 091",82620,237,"ES",13,35593697.0,4515912.0,29,"2012-09-22"
"ES-TBP-422860","The Black Parade","Unit 0993 Box 4079",25349,359,"ES",11,54243206.0,7844252.0,29,"2012-01-25"
"ES-TCI-216547","Tha Carter III","97565 Stevens Ford Apt. 033",16245,319,"ES",3,329207.0,404.0,29,"2010-03-04"
"ES-TMC-307992","The Mothership Connection","61392 Lindsay Plaza Apt. 436",1341,282,"ES",3,3763216.0,512978.0,29,"2019-09-06"
"ES-WLH-342597","White Light/White Heat","82992 Adams Light",96614,5,"ES",4,212333.0,97797.0,29,"2019-07-05"
"ES-WTP-152624","When the Pawn...","8596 Allison Prairie",8644,220,"ES",7,22018407.0,8073198.0,29,"2024-01-10"
"ES-XXX-737676","X","98633 Moreno Street Suite 251",42380,415,"ES",13,718140.0,73404.0,29,"2020-08-14"
"ES-YGA-866201","Young Gifted and Black","46092 Ryan Trace Suite 982",20007,294,"ES",6,37777467.0,743269.0,29,"2016-08-21"
"FI-CRC-402750","Crooked Rain, Crooked Rain","06828 Fields Turnpike",59378,394,"FI",11,165179.0,15389.0,9,"2014-12-25"
"FI-DOS-140155","Dictionary of Soul","447 Wendy Plaza Suite 193",34019,434,"FI",1,8129726.0,718381.0,9,"2016-10-21"
"FR-DER-181086","Down Every Road","006 Cook Garden",79048,302,"FR",2,38943463.0,8866015.0,10,"2017-05-19"
"FR-DTT-756585","Damn the Torpedoes","4134 Mcgee Crest",2818,242,"FR",2,29116574.0,7159076.0,10,"2022-05-28"
"FR-FKI-417761","Funky Kingston","216 Gloria Isle",29846,8,"FR",8,774647.0,88247.0,10,"2018-01-25"
"FR-FMF-295274","Full Moon Fever","32670 Khan Crossing Apt. 512",75040,302,"FR",5,97489692.0,6228440.0,10,"2010-11-07"
"FR-FOA-322759","Fear of a Black Planet","15197 Nichols Village",37584,412,"FR",1,344805.0,70698.0,10,"2016-01-17"
"FR-FTA-989976","First Take","100 Sullivan Lake Apt. 797",17947,50,"FR",2,5395736.0,72253.0,10,"2014-03-13"
"FR-HAR-518746","Harvest","068 Hogan Ports Apt. 079",72432,130,"FR",10,774692.0,8000.0,10,"2011-10-26"
"FR-HDO-349256","Hunky Dory","24337 Ward Highway",23267,302,"FR",6,82862.0,56065.0,10,"2009-12-18"
"FR-HHU-375623","Head Hunters","4094 Emily Parkway Apt. 165",93240,130,"FR",3,41109018.0,5217937.0,10,"2013-06-08"
"FR-ILL-421940","Illmatic","45466 Sarah Trafficway",53416,452,"FR",4,104071.0,5941.0,10,"2015-09-13"
"FR-ITW-179844","In the Wee Small Hours of the Morning","32639 Shepherd Meadows Apt. 036",84082,8,"FR",10,24610342.0,7756918.0,10,"2009-11-10"
"FR-KOT-621289","King of the Delta Blues Singers","1062 Harris Squares",48465,404,"FR",8,74555701.0,4835963.0,10,"2020-09-24"
"FR-MTM-832760","Mr. Tambourine Man","96689 Christina Rue Apt. 869",81381,273,"FR",3,73062.0,39558.0,10,"2010-04-27"
"FR-SOL-569562","Songs of Leonard Cohen","2532 Howard Shoal Suite 777",28985,50,"FR",4,6325464.0,686645.0,10,"2016-07-29"
"FR-STI-442645","Star Time","6706 King Unions Apt. 744",20633,215,"FR",5,8011356.0,945508.0,10,"2019-06-17"
"FR-TCD-848784","The College Dropout","PSC 4353",3833,404,"FR",6,36718.0,5539.0,10,"2015-07-22"
"FR-TLE-297798","The Low End Theory","38000 Orr Heights",63864,452,"FR",7,554664.0,80167.0,10,"2015-11-29"
"FR-TMM-973327","The Marshall Mathers LP","Unit 2553 Box 8128",50616,412,"FR",13,61228949.0,5188146.0,10,"2009-04-30"
"FR-WIL-368540","Wildflower","6374 Simpson Haven",56088,273,"FR",4,20810.0,31150.0,10,"2010-09-10"
"FR-X10-654962","X 100pre","207 Jessica Lake",89010,130,"FR",1,4018685.0,87804.0,10,"2011-08-04"
"FR-YEE-660260","Yeezus","277 Robert Keys Apt. 380",27161,383,"FR",2,2128262.0,2473.0,10,"2010-10-26"
"GB-1RE-139084","1 Record","321 Jordan Court Suite 706",88320,376,"GB",8,84613359.0,221114.0,44,"2016-02-06"
"GB-1XX-977806","1","85102 Amber Prairie",71716,39,"GB",1,2542931.0,401352.0,44,"2015-10-14"
"GB-APR-670548","Amor Prohibido","22010 Gomez Manor",26484,492,"GB",8,1643119.0,154813.0,44,"2021-10-10"
"GB-BSU-386666","Brown Sugar","PSC 5815",12766,345,"GB",4,219000.0,18854.0,44,"2021-12-06"
"GB-BTA-447040","Body Talk","059 Katherine Bypass Apt. 788",92854,258,"GB",11,4023764.0,917546.0,44,"2012-10-07"
"GB-BTR-920811","Bad Trip","PSC 4233",42696,256,"GB",2,3138.0,6664.0,44,"2009-12-12"
"GB-CBA-886683","Can't Buy a Thrill","Unit 4044 Box 9124",91912,2,"GB",11,399587.0,47812.0,44,"2014-11-21"
"GB-CIT-794691","Cabin in the Woods","3346 Preston Ford Apt. 467",92925,124,"GB",7,7879811.0,246835.0,44,"2022-11-26"
"GB-CLO-512917","Crazy Love","USNV Ruiz",50019,399,"GB",8,754282.0,35691.0,44,"2010-09-26"
"GB-CMI-488420","Criminal Minded","07919 Phillip Well",30670,183,"GB",9,92694105.0,5501701.0,44,"2022-12-22"
"GB-CON-150316","Continuum","01172 Cassandra Point Apt. 590",15513,210,"GB",4,9107658.0,730494.0,44,"2019-01-27"
"GB-EIG-131181","Exile in Guyville","73479 Robbins Inlet Apt. 967",6755,142,"GB",11,726342.0,33165.0,44,"2022-02-26"
"GB-EKT-361336","Everybody Knows This Is Nowhere","68803 Spence Streets Suite 873",15905,120,"GB",6,457746.0,16774.0,44,"2014-10-07"
"GB-EXO-326459","Exodus","552 Matthew Hollow",21703,439,"GB",8,7439331.0,955404.0,44,"2023-08-06"
"GB-FHO-155437","Fun House","996 Kelly Ranch Apt. 181",34881,190,"GB",1,8224376.0,323778.0,44,"2020-03-10"
"GB-GYB-303030","Goodbye Yellow Brick Road","555 Sarah Passage",83645,202,"GB",2,95693814.0,7035580.0,44,"2020-12-18"
"GB-HBS-847321","Hot Buttered Soul","46833 Connie Course Apt. 426",8003,478,"GB",9,1009152.0,5475964.0,44,"2015-04-19"
"GB-HCA-419070","Hotel California","76982 Pineda Gateway",10683,210,"GB",1,976510.0,684564.0,44,"2021-02-08"
"GB-HCT-725079","Here Come the Warm Jets","27914 Zachary Lakes Suite 136",2228,217,"GB",2,7774777.0,596021.0,44,"2022-08-06"
"GB-HEJ-476222","Hejira","0243 Andrew Point Suite 998",73502,142,"GB",7,713669.0,21886.0,44,"2013-06-02"
"GB-HLA-581174","Heart Like a Wheel","206 Moran Parkways",2513,468,"GB",3,45670473.0,8191006.0,44,"2020-10-18"
"GB-ICH-533332","I Can Hear the Heart Beating as One","64943 Munoz Crossing",16383,468,"GB",6,23013.0,53187.0,44,"2010-06-09"
"GB-IDN-332370","I Do Not Want What I Haven't Got","PSC 8581",38885,494,"GB",2,1039615.0,942562.0,44,"2014-10-11"
"GB-JLP-547115","Jagged Little Pill","66609 Cole Estates Apt. 555",55711,2,"GB",2,1519235.0,59287.0,44,"2022-12-19"
"GB-LAP-620375","Like a Prayer","7090 Martin Valley Apt. 458",34137,287,"GB",4,75010745.0,3338995.0,44,"2013-05-24"
"GB-LAT-121686","Live at the Harlem Square Club, 1963","9947 Zimmerman Park Suite 160",4395,478,"GB",5,1024544.0,760603.0,44,"2022-03-16"
"GB-LAT-519568","Live at the Apollo","05581 Reynolds Station",71101,435,"GB",8,74398643.0,3203056.0,44,"2017-02-20"
"GB-LPP-103521","Look-Ka Py Py","815 James Light",13134,55,"GB",3,5821614.0,809891.0,44,"2022-05-17"
"GB-LWI-348320","Lucinda Williams","75504 Johnson Freeway",26561,428,"GB",2,94539287.0,3729451.0,44,"2013-11-29"
"GB-NAN-491704","No Angel","860 Amy Vista Suite 131",12685,389,"GB",4,4029628.0,685807.0,44,"2019-09-02"
"GB-NOT-627866","Nick of Time","15616 Martinez Spur",50179,55,"GB",2,71682090.0,4302566.0,44,"2022-12-19"
"GB-OXY-389303","Oxymoron","60576 Carr Fields Apt. 526",69767,337,"GB",3,4669712.0,134771.0,44,"2010-01-14"
"GB-PGR-265834","Physical Graffiti","93328 Taylor Run Apt. 506",93625,311,"GB",12,41492546.0,2654380.0,44,"2012-09-10"
"GB-PTE-788534","Paris Texas","17900 William Spur Suite 677",74867,422,"GB",8,585732.0,952.0,44,"2020-11-24"
"GB-PTF-888947","Presenting the Fabulous Ronettes","27509 Delgado Dam",59817,266,"GB",6,8436947.0,700438.0,44,"2011-04-11"
"GB-RN1-292054","Rhytm Nation 1814","15488 Charles Walk Apt. 215",97617,382,"GB",4,3823887.0,803315.0,44,"2015-05-13"
"GB-ROC-410090","Rocks","38063 Soto Falls Suite 170",37962,494,"GB",4,1618247.0,384856.0,44,"2014-11-19"
"GB-RTD-848821","Ready to Die","8677 Amanda Court",34044,475,"GB",9,8488114.0,175830.0,44,"2023-01-20"
"GB-SLB-612373","Speakerboxxx/The Love Below","87341 Stewart Mission Suite 746",31354,266,"GB",6,1003858.0,946509.0,44,"2014-08-13"
"GB-SSH-414467","Star Shopping","3194 Levine Walk",59751,477,"GB",7,965018.0,84607.0,44,"2013-07-27"
"GB-SYN-534717","Synchronicity","USCGC Miller",55274,446,"GB",9,879243.0,69267.0,44,"2016-10-01"
"GB-TAP-712392","Tapestry","866 Christopher Lodge",83507,256,"GB",13,97129343.0,4949171.0,44,"2018-02-24"
"GB-TCL-703003","The Clash","07048 Orr Field Suite 653",73741,266,"GB",7,6701505.0,75322.0,44,"2019-10-08"
"GB-TDI-448799","The Diary","4301 Barbara Extensions",16978,428,"GB",5,1691914.0,228802.0,44,"2011-07-20"
"GB-TEO-401381","The Emancipation of Mimi","881 Elizabeth Locks",46211,428,"GB",2,68801434.0,6853108.0,44,"2019-10-02"
"GB-TFT-749223","Tea for the Tillerman","293 Carpenter Spurs",7745,405,"GB",6,965484.0,3826.0,44,"2011-08-05"
"GB-THO-657717","The Hissing of Summer Lawns","19966 Morris Pines",73620,335,"GB",7,3293750.0,146552.0,44,"2017-11-03"
"GB-THR-122544","Thriller","02904 Alexander Locks",40110,104,"GB",12,12291732.0,6735629.0,44,"2023-09-17"
"GB-TUC-814471","The Ultimate Collection","1789 Jamie Manors",89393,275,"GB",12,75892263.0,3069761.0,44,"2019-10-12"
"GB-TVU-478654","The Velvet Underground","656 Devon Fork",34464,201,"GB",3,2524627.0,407138.0,44,"2013-03-09"
"GB-WTB-237769","Weezer, The Blue Album","USCGC Peterson",86562,345,"GB",7,48964922.0,2180817.0,44,"2010-05-28"
"GR-DUM-534185","Dummy","473 Mike Neck Apt. 908",34480,63,"GR",8,5651890.0,444431.0,12,"2020-02-29"
"GR-TIW-788339","The Idler Wheel","48991 Brown Turnpike",84900,63,"GR",8,3798198.0,958596.0,12,"2019-09-03"
"HU-6LS-982195","69 Love Songs","87249 Mitchell Cape",1967,438,"HU",13,88283806.0,3281931.0,13,"2009-12-19"
"HU-JAI-577187","Just as I Am","092 Stephen Views",21864,11,"HU",13,47950444.0,4725311.0,13,"2022-08-07"
"HU-TCA-514766","Take Care","8374 Mark Coves",60071,438,"HU",10,917687.0,16800.0,13,"2023-04-19"
"HU-WYW-364814","Wish You Were Here","1429 Diane Bridge Apt. 514",56528,361,"HU",10,634963.0,70497.0,13,"2013-04-21"
"IE-BLU-333411","Blue","3369 Bell Center Suite 733",37076,406,"IE",6,6809283.0,615117.0,15,"2015-10-25"
"IE-NTM-823569","Never Too Much","7225 Dale Valleys Suite 672",69227,393,"IE",10,305127.0,922.0,15,"2017-03-19"
"IE-OAO-570994","Odyssey and Oracle","09248 Judy Way",74186,35,"IE",9,60587633.0,8445911.0,15,"2021-04-18"
"IE-PAR-637375","Paranoid","8250 Nicholas Cliffs Apt. 718",28079,393,"IE",2,5539907.0,580177.0,15,"2019-08-17"
"IE-TWT-435819","The Wild, the Innocent & the E Street Shuffle","527 Michelle Radial Apt. 973",57278,406,"IE",12,4278656.0,958855.0,15,"2023-06-20"
"IT-198-362808","1989","261 Jessica Station Suite 535",8782,67,"IT",13,3186244.0,971058.0,16,"2020-08-24"
"IT-ABA-777311","Achtung Baby","297 Henderson Manor",82967,157,"IT",1,1092125.0,987064.0,16,"2018-08-10"
"IT-AKN-540970","All Killer No Filler","4209 Alyssa Shoal Apt. 647",91808,410,"IT",4,381296.0,98299.0,16,"2016-05-08"
"IT-BTB-857896","Back to Black","174 Mejia Plaza Apt. 447",7918,327,"IT",2,770394.0,42418.0,16,"2013-05-11"
"IT-DAM-423586","Damn.","72614 Carrie Wall Suite 235",49004,449,"IT",8,389709.0,992448.0,16,"2009-04-28"
"IT-GIT-729272","Glow in the Dark","612 Stacy Rue",97202,330,"IT",9,34998188.0,4792223.0,16,"2009-09-10"
"IT-GST-775188","Giant Steps","82482 Kelli Club",80410,418,"IT",6,988798.0,40200.0,16,"2023-07-30"
"IT-LCA-292029","London Calling","01140 Michelle Loop Suite 218",87997,330,"IT",5,771942.0,73927.0,16,"2020-06-16"
"IT-LEM-769747","Lemonade","USS Freeman",34146,7,"IT",5,556114.0,76512.0,16,"2015-04-17"
"IT-LIB-957530","Let It Be","7960 Christopher Trail Apt. 029",58708,67,"IT",11,9224562.0,476006.0,16,"2024-03-11"
"IT-LZE-709120","Led Zeppelin","604 Tanner Green",64318,42,"IT",9,3297024.0,219015.0,16,"2013-04-11"
"IT-MOR-523639","Master of Reality","USCGC Olson",45841,418,"IT",13,565087.0,9124.0,16,"2018-09-18"
"IT-NSC-686076","Nilsson Schmilsson","2713 Walker Knolls",42247,82,"IT",13,258505.0,27469.0,16,"2019-06-19"
"IT-NYD-347720","New York Dolls","619 Johnson Ferry Apt. 783",27438,42,"IT",6,658123.0,4692.0,16,"2009-07-04"
"IT-OTB-377611","On the Beach","9961 Cody Forest Apt. 651",97136,330,"IT",1,31577.0,835004.0,16,"2014-12-17"
"IT-PAR-729452","Parklife","4238 Glenn Port Apt. 072",77181,330,"IT",9,202702.0,71469.0,16,"2009-11-04"
"IT-PFL-869014","Pink Flag","Unit 8920 Box 2210",18842,362,"IT",3,885775.0,39436.0,16,"2016-06-01"
"IT-PMA-486596","Proud Mary","81551 Hines Avenue Apt. 807",22322,401,"IT",11,3818717.0,767830.0,16,"2012-07-27"
"IT-PRE-741420","Pretenders","32454 Woods Forks",22987,401,"IT",10,11921062.0,4278099.0,16,"2010-09-14"
"IT-RAM-436060","Random Access Memories","2145 Patricia Common",55977,261,"IT",7,7179636.0,407658.0,16,"2015-03-04"
"IT-RHE-778165","Raising Hell","742 Yu Shoals",81567,489,"IT",5,157447.0,80383.0,16,"2018-10-23"
"IT-ROM-192124","Rid of Me","49334 Angela Flat",41771,67,"IT",10,60538120.0,8043856.0,16,"2010-11-25"
"IT-SCL-529747","Supreme Clientele","119 Patricia Grove Apt. 625",59102,82,"IT",11,21761901.0,3568478.0,16,"2020-05-04"
"IT-SCR-834247","Sheryl Crowe","4150 Ellis Stream",81742,401,"IT",11,883305.0,87689.0,16,"2010-10-16"
"IT-SFT-722446","Stories from the City, Stories from the Sea","435 Melissa Rapids Suite 113",8748,82,"IT",1,20799179.0,7328524.0,16,"2012-06-04"
"IT-SMI-464390","Smile","6070 Brown Knoll Apt. 749",43078,67,"IT",13,110275.0,5225.0,16,"2022-08-01"
"IT-STS-767549","Station to Station","962 Green Ville Apt. 459",72827,157,"IT",11,6172778.0,398676.0,16,"2019-06-18"
"IT-TKA-831024","The Kinks Are the Village Green Preservation Society","7242 Andre Ville",79850,44,"IT",2,808214.0,640378.0,16,"2018-03-14"
"IT-WAT-427327","Waterfalls","Unit 9232 Box 6952",38069,67,"IT",11,2687124.0,853468.0,16,"2012-11-24"
"IT-WHO-518855","Wild Honey","PSC 6103",66575,44,"IT",11,362444.0,93650.0,16,"2023-01-31"
"LT-RNS-168984","Rust Never Sleeps","973 Dickson Creek Suite 957",86251,151,"LT",13,95210861.0,271181.0,19,"2020-06-13"
"LT-SSI-851965","Scissor Sisters","2553 Cook Crest Suite 812",32871,94,"LT",5,632907.0,68938.0,19,"2013-06-25"
"LT-TSR-356241","The Slow Rush","065 Mccarty Knolls Apt. 371",12698,94,"LT",11,873896.0,26293.0,19,"2010-07-26"
"LV-AYE-751580","Are You Experienced","278 Rachel Fall Apt. 481",74453,53,"LV",2,544440.0,47745.0,17,"2023-11-02"
"MD-199-216432","1999","32850 Susan Common",56468,500,"MD",1,56584427.0,5178870.0,34,"2010-07-18"
"MD-BAT-454391","Beauty and the Beat","0945 Neal Walks Suite 173",17276,500,"MD",3,925676.0,98934.0,34,"2022-05-16"
"MK-CUR-877444","Currents","72054 Weaver Brook Suite 924",73555,116,"MK",5,837032.0,66781.0,35,"2022-12-30"
"NL-BTB-369058","Back to Bedlam","792 Christine Rapids Suite 527",86552,227,"NL",2,30675278.0,6376401.0,22,"2021-02-21"
"NL-CME-566682","Call Me","Unit 4777 Box 4107",30377,431,"NL",13,709771.0,49641.0,22,"2011-08-27"
"NL-HOL-596118","Hounds of Love","USNS Henry",41114,372,"NL",5,93041030.0,3607172.0,22,"2022-07-09"
"NL-TEN-641265","Ten","8270 Austin Gardens",50958,117,"NL",12,5188978.0,25501.0,22,"2014-11-01"
"NL-TWO-160939","The Weight of These Wings","9417 Tyler Lakes Suite 293",30245,420,"NL",6,55031531.0,1295928.0,22,"2015-07-21"
"NL-WTS-122784","What's the Story Morning Glory","359 April Fords Apt. 819",31350,54,"NL",9,508859.0,98010.0,22,"2013-07-11"
"NO-MSI-983820","Modern Sounds in Country and Western Music","USNV Green",32420,83,"NO",8,94681.0,452510.0,23,"2018-02-13"
"NO-SCO-641719","Sam Cooke","8856 Renee Drive",39353,83,"NO",3,8718030.0,960389.0,23,"2015-08-19"
"NO-SRO-459373","Surfer Rosa","299 Williams Via Apt. 218",92401,343,"NO",8,7732289.0,742504.0,23,"2013-07-16"
"PL-3FH-280058","3 Feet High and Rising","42697 Robert Bypass Apt. 211",585,88,"PL",5,374669.0,37029.0,24,"2021-06-20"
"PL-ASA-213688","A Seat at the Table","8574 Davis Ports",82556,156,"PL",9,4347202.0,495532.0,24,"2020-01-31"
"PL-ATG-797053","After the Gold Rush","995 Jared Spring Apt. 494",33243,121,"PL",13,54926.0,77422.0,24,"2021-11-08"
"PL-BGI-238812","Bad Girls","PSC 8875",27715,156,"PL",5,86631581.0,4183238.0,24,"2022-05-08"
"PL-BIA-774100","Brothers in Arms","56172 Jose Lakes Suite 947",48989,274,"PL",11,75430.0,286385.0,24,"2010-03-10"
"PL-BTM-380876","Back to Mono","241 Eric Prairie",5380,196,"PL",12,9261283.0,215719.0,24,"2022-01-03"
"PL-CAS-591508","Court and Spark","3146 Ann Spur",66433,196,"PL",8,71001551.0,161083.0,24,"2016-05-27"
"PL-CCN-644037","Central Core Never More","53065 Peter Crossing",91853,391,"PL",11,68414089.0,9443778.0,24,"2018-08-03"
"PL-CRT-864116","CRTL","6234 Martin Springs",66387,88,"PL",4,26170077.0,4603913.0,24,"2020-01-20"
"PL-DCL-375761","Different Class","9378 Ortiz Plaza Apt. 463",12248,264,"PL",6,650361.0,25533.0,24,"2014-01-31"
"PL-EPT-256189","Every Picture Tells a Story","522 Matthew Union Suite 937",34002,138,"PL",8,381620.0,862238.0,24,"2013-11-20"
"PL-HOM-247526","Homogenic","928 Flores Centers",54368,429,"PL",11,661205.0,81589.0,24,"2010-06-25"
"PL-LAO-317239","Layla and Other Assorted Love Songs","Unit 9276 Box 5459",59806,121,"PL",6,98908537.0,6935830.0,24,"2012-04-08"
"PL-MFT-664159","Music from the Big Pink","9093 James Forges",23101,264,"PL",1,65329550.0,6075018.0,24,"2011-12-26"
"PL-MSA-258766","More Songs About Buildings and Food","030 Ayers Ridge Apt. 716",78779,352,"PL",3,71024627.0,5965151.0,24,"2013-11-02"
"PL-PRA-757915","Purple Rain","121 Hampton Hollow Suite 279",16210,224,"PL",13,1585292.0,8471869.0,24,"2015-03-17"
"PL-SDR-195740","Siamese Dream","334 Smith Square",33777,138,"PL",9,9860573.0,422995.0,24,"2020-07-05"
"PL-SOS-952851","Sound of Silver","606 Hoffman Green",60535,378,"PL",10,53490154.0,1701091.0,24,"2017-06-30"
"PL-TAN-359427","The Anthology","52684 Nguyen Via",24917,391,"PL",4,739118.0,59934.0,24,"2020-04-13"
"PL-TJT-802566","The Joshua Tree","PSC 4334",99735,352,"PL",7,697585.0,85791.0,24,"2017-05-15"
"PL-TST-442034","The Stooges","59688 Jason Hollow Suite 708",86939,346,"PL",10,581111.0,20623.0,24,"2022-01-08"
"PL-UPL-220633","Unknown Pleasures","5205 Scott Islands",46694,346,"PL",4,4524181.0,255548.0,24,"2009-10-17"
"PL-VOO-323362","Voodoo","7472 Williams Camp",11824,156,"PL",4,29803107.0,7165151.0,24,"2010-01-04"
"PL-WT4-486492","What's the 411?","9707 Peterson Cliffs Apt. 666",32530,396,"PL",4,34277.0,16909.0,24,"2021-11-18"
"PT-AMX-860648","AM","0674 Jeanette Row Apt. 411",31011,427,"PT",12,43959434.0,7010140.0,25,"2021-06-25"
"PT-MEZ-737565","Mezzanine","2809 Kelly Ramp",20191,269,"PT",4,23837484.0,6177726.0,25,"2022-11-19"
"PT-TSR-953035","The Stone Roses","38481 Shawn Turnpike",57110,98,"PT",4,6488869.0,603201.0,25,"2016-12-12"
"PT-TWA-162638","The Wall","060 Cheryl Mountain",33372,269,"PT",4,570044.0,13488.0,25,"2023-02-12"
"RO-ABA-923219","Axis: Bold as Love","03584 Jacqueline Run",56458,344,"RO",9,4230986.0,634963.0,26,"2017-07-05"
"RO-ABR-546213","Abraxas","553 Christopher Row Suite 825",99771,223,"RO",9,9081983.0,595773.0,26,"2015-10-01"
"RO-ALS-109141","A Love Supreme","062 Morgan Flat Suite 803",78849,445,"RO",13,34225785.0,4404674.0,26,"2019-07-17"
"RO-AWE-275718","Astral Weeks","45644 Steven Course",4461,211,"RO",10,2223646.0,760858.0,26,"2014-05-23"
"RO-CAF-452253","Catch a Fire","31093 Mills Landing Apt. 000",40046,460,"RO",6,827233.0,5960.0,26,"2012-02-19"
"RO-CMD-837076","Coal Miner's Daughter","13566 Cory Squares",7865,355,"RO",12,3568952.0,673327.0,26,"2023-05-20"
"RO-CMW-241359","Call Me When You Get Lost","90650 Arnold Drive Suite 059",49598,211,"RO",12,138445.0,42876.0,26,"2013-08-14"
"RO-DMA-493717","Definitely Maybe","23284 Travis Viaduct Apt. 974",81587,197,"RO",4,2514710.0,705834.0,26,"2023-05-16"
"RO-EOM-399575","Exile on Main Street","7475 Joshua Underpass Apt. 560",19386,212,"RO",1,50443411.0,1598936.0,26,"2014-02-22"
"RO-GKM-869992","Good Kid, M.A.A.D City","8226 Raymond Summit",65293,155,"RO",3,88847797.0,5981630.0,26,"2020-10-06"
"RO-GRO-992476","Get Rich or Die Tryin'","26704 Emily Mall",93326,318,"RO",5,3891078.0,357867.0,26,"2011-12-11"
"RO-KAL-212770","Kaleidoscope","274 Bowen Walk Apt. 336",47978,460,"RO",8,708786.0,75862.0,26,"2021-12-02"
"RO-MAI-558926","My Aim Is True","775 Ferguson Prairie",9479,247,"RO",9,128487.0,54530.0,26,"2021-08-22"
"RO-MUR-159548","Murmur","59709 Laura Square",49005,355,"RO",6,282614.0,13649.0,26,"2012-11-17"
"RO-PMO-847190","Pink Moon","7705 Robert Heights Suite 668",74836,197,"RO",11,4844982.0,380504.0,26,"2023-06-17"
"RO-RUM-318325","Rumours","100 Jeffery Parks",66931,223,"RO",7,6333148.0,535540.0,26,"2017-06-14"
"RO-TRA-470014","The Rise and Fall of Ziggy Stardust","5378 Priscilla Court",17255,155,"RO",8,601043.0,14203.0,26,"2015-01-02"
"RO-TST-562263","The Stranger","749 Clayton Drive Suite 833",82158,223,"RO",8,3813773.0,443491.0,26,"2021-07-26"
"RS-BIB-370188","Back in Black","90031 Kevin Garden Apt. 137",67198,339,"RS",8,3703506.0,861460.0,37,"2020-05-09"
"RS-DOO-232419","Dookie","041 Gutierrez Plains Suite 880",88857,339,"RS",13,258905.0,32503.0,37,"2018-11-23"
"RS-HDN-717592","Hard Day's Night","28721 Gavin Fords",10794,21,"RS",4,2589919.0,359540.0,37,"2019-01-01"
"RU-7GB-122138","7th Generation Blunts","21539 Turner Creek Suite 819",5405,331,"RU",6,7438424.0,9302950.0,36,"2016-04-20"
"RU-8AH-284801","808s and Heartbreak","452 Ayala Lodge Apt. 140",40776,254,"RU",9,283730.0,87742.0,36,"2021-07-27"
"RU-ACT-852117","Actually","10740 Clark Shoal Suite 756",34445,487,"RU",6,692652.0,12371.0,36,"2014-12-09"
"RU-AEO-327103","All Eyez on Me","72686 Meghan Fords Suite 941",96362,131,"RU",2,3086628.0,598758.0,36,"2011-06-03"
"RU-AFP-229303","At Folsom Prison","239 Jessica Extension",95341,284,"RU",2,266408.0,91083.0,36,"2017-12-25"
"RU-AGW-290494","Another Green World","1840 Cody Well",48310,304,"RU",6,937041.0,76440.0,36,"2020-04-19"
"RU-AOS-967411","Ace of Spades","49525 Robert Divide Apt. 250",90667,234,"RU",1,61312684.0,6321323.0,36,"2022-01-24"
"RU-ASA-304462","Always Strive and Prosper","16321 David Fort",34204,336,"RU",6,232169.0,30311.0,36,"2016-01-26"
"RU-ATM-816232","All Things Must Pass","370 Alexander Port Suite 073",42854,285,"RU",6,35183357.0,5527289.0,36,"2018-06-09"
"RU-BAD-429041","Baduism","57118 Cook Trail Suite 025",27140,127,"RU",4,4410339.0,7223860.0,36,"2019-06-20"
"RU-BDB-149995","Bo Diddley/Go Bo Diddley","15887 Allison Cliff Suite 246",92830,465,"RU",13,54341.0,88733.0,36,"2011-10-24"
"RU-BEY-317254","Beyonce","0287 Jonathon Green Suite 688",15715,225,"RU",10,8216577.0,229458.0,36,"2020-08-02"
"RU-BFA-424299","Bullet From a Gun","16696 Penny Square Suite 131",54848,160,"RU",1,2212857.0,330642.0,36,"2012-11-01"
"RU-BIT-641141","Born in the USA","7801 Amanda Corners",36925,103,"RU",9,2626554.0,100306.0,36,"2009-10-12"
"RU-BLA-713991","Blackout","189 Nash Forest Suite 769",7593,95,"RU",3,36196562.0,5587511.0,36,"2016-08-26"
"RU-BME-649961","Black Messiah","5426 Brandon Turnpike",3377,286,"RU",10,134181.0,77815.0,36,"2022-01-26"
"RU-BOB-128497","Blonde on Blonde","740 Cooper Forges Apt. 739",90245,32,"RU",5,768715.0,15293.0,36,"2023-12-27"
"RU-BOT-746129","Blood on the Tracks","9982 Cooper Mountain",54958,236,"RU",9,70208753.0,9471245.0,36,"2011-05-18"
"RU-BSA-915226","Black Sabbath","94235 Hahn Mountain Apt. 411",20625,29,"RU",12,8415215.0,933335.0,36,"2015-06-22"
"RU-CCA-375699","Clams Casino","44903 Corey Parkways Apt. 302",39937,95,"RU",11,8821099.0,185258.0,36,"2009-06-19"
"RU-CFA-577437","Cosmo's Factory","27199 Cheryl Plain",90697,20,"RU",2,859431.0,32182.0,36,"2015-02-04"
"RU-CLO-319040","Closer","1813 Olson Locks Apt. 162",77740,484,"RU",1,1973931.0,474114.0,36,"2019-07-19"
"RU-COM-116698","Coat of Many Colors","911 Campbell Gateway Apt. 638",98780,30,"RU",7,4844483.0,947227.0,36,"2017-03-23"
"RU-CON-338875","Confessions","63745 Daniel Gateway Apt. 657",44695,413,"RU",13,7073463.0,962130.0,36,"2018-10-26"
"RU-CTH-807283","Cheap Thrills","92312 Brittany Corners Suite 523",35963,47,"RU",8,97007142.0,3317441.0,36,"2014-12-02"
"RU-CUR-364513","Curtis","46507 Johnson Point Suite 212",70815,465,"RU",12,80505046.0,6066834.0,36,"2023-09-26"
"RU-DAM-614580","Damaged","84131 Chen Trail Suite 164",49282,251,"RU",12,758067.0,65077.0,36,"2020-08-22"
"RU-DGE-880046","Disraeli Gears","1988 Burgess Roads Suite 450",75456,233,"RU",3,1456401.0,928108.0,36,"2012-01-25"
"RU-DIM-486956","Dusty in Memphis","24576 Small Village Suite 081",62284,133,"RU",5,6085395.0,975155.0,36,"2017-08-13"
"RU-DIS-289725","Discovery","038 Golden Prairie",65776,188,"RU",1,539440.0,604015.0,36,"2011-07-10"
"RU-DLI-938672","Diamond Life","718 Luke Crest",64892,317,"RU",11,960005.0,875498.0,36,"2010-08-18"
"RU-DOG-454748","Doggystyle","USCGC Schwartz",72384,131,"RU",3,5611017.0,400488.0,36,"2017-11-17"
"RU-DON-298848","Donuts","0832 Cox Causeway Suite 937",80589,140,"RU",11,152897.0,11463.0,36,"2012-02-16"
"RU-DOO-383659","Doolittle","095 Amber Trail Apt. 248",12055,20,"RU",8,21172938.0,2159890.0,36,"2022-10-22"
"RU-EBA-434047","Ege Bamyasi","0481 Barker Crescent",61361,314,"RU",1,9070367.0,9817100.0,36,"2020-03-21"
"RU-EMA-720597","Extraordinary Machine","7538 John Motorway Suite 978",79192,110,"RU",1,32004636.0,7095281.0,36,"2013-05-14"
"RU-END-623121","Endtroducing","493 Sara Loaf Apt. 991",69283,207,"RU",1,9269211.0,423231.0,36,"2015-04-27"
"RU-ESH-122359","Expensive Shit","29843 Howard Fords",61924,395,"RU",3,37380349.0,6050290.0,36,"2018-01-15"
"RU-FLI-705823","Fine Line","144 Gregory Route",97062,30,"RU",6,4471998.0,1907278.0,36,"2014-04-11"
"RU-FUN-247117","Funeral","034 Ortiz Stravenue Suite 274",70771,364,"RU",4,512036.0,46715.0,36,"2017-03-16"
"RU-GRA-617340","Grace","5689 Nelson Ways",81353,234,"RU",7,464306.0,31200.0,36,"2019-09-19"
"RU-GTA-713661","Going to a Go Go","2982 Michael Crossroad Apt. 184",592,458,"RU",4,20241835.0,1729057.0,36,"2015-06-09"
"RU-HBT-175115","Hollow Be Thy Squad","222 Amy Run Apt. 558",12096,101,"RU",12,4340098.0,413989.0,36,"2017-06-06"
"RU-HEL-130979","Help!","5894 Harris Summit",8175,81,"RU",6,3430481.0,253790.0,36,"2010-06-05"
"RU-HLR-863609","Here's Little Richard","51013 Lara Mill",80281,81,"RU",12,54708261.0,7515518.0,36,"2009-08-05"
"RU-HOL-613676","Heaven or Las Vegas","111 Lauren Heights Suite 453",9063,32,"RU",5,420334.0,34266.0,36,"2014-10-06"
"RU-IRA-512562","In Rainbows","433 Davis Extensions Apt. 711",21198,84,"RU",8,6940096.0,544323.0,36,"2010-03-20"
"RU-IUT-295826","In Utero","77538 Kenneth Loop Suite 815",31256,32,"RU",11,2381923.0,701348.0,36,"2019-11-15"
"RU-JWH-805577","John Wesley Harding","06636 Sarah Tunnel Suite 114",37362,216,"RU",10,822025.0,39491.0,36,"2021-07-10"
"RU-KAX-469373","Kid A","16799 Edwards Isle",71137,140,"RU",4,973870.0,14307.0,36,"2011-10-19"
"RU-KMH-802646","Kimono My House","0758 Murray Estate Suite 298",10675,461,"RU",1,459263.0,644.0,36,"2017-01-04"
"RU-KOB-710456","Kind of Blue","18498 Michelle Landing",13757,123,"RU",10,7494748.0,985708.0,36,"2010-05-05"
"RU-LAL-838636","Live at Leeds","2851 Williams Spurs",18801,115,"RU",6,21115852.0,6798040.0,36,"2014-11-06"
"RU-LAT-563253","Love and Theft","6193 Villarreal Roads Apt. 213",16786,374,"RU",10,691760.0,9337.0,36,"2012-06-13"
"RU-LIB-326616","Let It Bleed","64796 Mark View",49481,233,"RU",5,394724.0,96947.0,36,"2023-12-07"
"RU-LOA-125695","Loaded","76845 Griffin Common",24254,280,"RU",6,7818271.0,973981.0,36,"2017-10-10"
"RU-LOV-726621","Loveless","936 Carolyn Keys",11595,115,"RU",1,74716.0,970800.0,36,"2012-07-16"
"RU-LRE-549891","Late Registration","1428 Emily Crest Apt. 887",28739,163,"RU",7,57454665.0,7112720.0,36,"2021-08-17"
"RU-LSO-584130","Lady Soul","80793 Christina Roads Suite 586",63331,284,"RU",8,689544.0,4718.0,36,"2023-07-05"
"RU-LSW-415860","Liquid Swords","731 Silva Grove",75985,488,"RU",6,879385.0,78631.0,36,"2017-08-08"
"RU-LTT-508757","Live Through This","492 Martinez Radial Apt. 726",75744,474,"RU",13,13076197.0,4066929.0,36,"2012-12-09"
"RU-LZI-571123","Led Zeppelin IV","6758 Christine Center Apt. 176",96712,392,"RU",9,7267895.0,971801.0,36,"2022-12-19"
"RU-MAD-277696","Madvillainy","883 Collins Mews",69898,286,"RU",11,5343348.0,462673.0,36,"2015-04-06"
"RU-MAU-439970","Mingus Ah Um","340 Jeremiah Walk Apt. 395",35307,216,"RU",5,957718.0,51465.0,36,"2011-10-27"
"RU-MBD-961987","My Beautiful Dark Twisted Fantasy","60652 Jeremy Coves",50957,462,"RU",8,8019864.0,414695.0,36,"2011-06-01"
"RU-MDE-694495","Morning Dew","2129 Thompson Spurs",50256,323,"RU",2,3164754.0,815845.0,36,"2020-09-18"
"RU-MMO-449653","Marquee Moon","3788 Marisa Station",35251,18,"RU",12,775650.0,439528.0,36,"2013-12-16"
"RU-MOP-269468","Master of Puppets","282 Gilmore Trafficway Apt. 062",43072,387,"RU",8,4137545.0,491769.0,36,"2010-06-09"
"RU-MOT-897893","Man on the Moon: The End of the Day","Unit 2547 Box 6515",61050,207,"RU",12,16453352.0,6266232.0,36,"2022-06-03"
"RU-MPI-622201","Moving Pictures","004 Leach Flat",33857,31,"RU",9,993725.0,97569.0,36,"2020-10-15"
"RU-NEB-902456","Nebraska","3044 Emily Glens",29326,297,"RU",3,7234750.0,16229.0,36,"2019-04-21"
"RU-NFR-696385","Norman Fucking Rockwell","86497 Macias Alley Suite 193",27587,367,"RU",12,279679.0,116169.0,36,"2015-11-15"
"RU-OBL-493972","Otis Blue","69847 Chavez Pike",67162,304,"RU",10,251479.0,70042.0,36,"2009-07-11"
"RU-OCO-963076","OK Computer","3602 Roger Garden",13845,96,"RU",9,9279688.0,528609.0,36,"2022-02-13"
"RU-OIA-235814","One in a Million","92598 Thompson Ramp",56026,103,"RU",4,153422.0,8895.0,36,"2015-09-13"
"RU-PBO-880358","Paul's Botique","0486 Baker Way",14008,317,"RU",1,2444962.0,950063.0,36,"2015-12-15"
"RU-PIF-210934","Paid in Full","389 Jackson Ways Suite 951",59816,96,"RU",3,122878.0,656841.0,36,"2022-05-27"
"RU-PLI-594922","Parallel Lines","921 West Radial",44831,338,"RU",10,10207287.0,3693535.0,36,"2010-02-01"
"RU-POB-448861","Plastic Ono Band","04088 Jose Streets Apt. 944",24848,400,"RU",11,161218.0,911899.0,36,"2019-04-06"
"RU-RAM-235343","Ramones","590 Johnston Mission",36945,18,"RU",12,6264133.0,435750.0,36,"2021-07-30"
"RU-RAM-347640","Ram","4273 Collins Drive",16316,27,"RU",10,850911.0,30906.0,36,"2010-07-27"
"RU-RDO-954064","Rain Dogs","5176 Michael Pine",22516,332,"RU",10,359271.0,17943.0,36,"2016-03-25"
"RU-ROL-406224","Ray of Light","267 Gibson River",59766,30,"RU",10,92082560.0,4001789.0,36,"2012-04-12"
"RU-RTR-422462","Rocket to Russia","2776 Donald Burg Apt. 674",38938,66,"RU",11,42553522.0,4627802.0,36,"2022-03-27"
"RU-RUN-256242","Run-D.M.C","PSC 5367",4860,137,"RU",12,594629.0,83379.0,36,"2011-12-05"
"RU-SAW-498345","Sail Away","1905 Dickson Groves Apt. 729",89243,216,"RU",11,3987274.0,295263.0,36,"2020-02-01"
"RU-SEB-898501","Something Else by The Kinks","4837 Werner Greens",63952,457,"RU",7,72954025.0,4648276.0,36,"2013-10-29"
"RU-SFI-123652","Sticky Fingers","1651 Lisa Hollow Apt. 435",7486,483,"RU",8,6201893.0,873789.0,36,"2014-05-22"
"RU-SLE-864735","Sleater-Kinney","79727 Smith Crossing Suite 832",99557,487,"RU",8,52738.0,28085.0,36,"2013-05-29"
"RU-SMA-201897","Sex Machine","939 Powell Groves Suite 394",5220,241,"RU",5,164923.0,783875.0,36,"2023-07-05"
"RU-SNF-819623","Saturday Night Fever","07666 Abigail Place Apt. 852",5686,413,"RU",4,83772660.0,9577459.0,36,"2011-11-09"
"RU-SOM-879691","Something/Anything?","40594 Brianna Shoal",71269,413,"RU",4,4635144.0,511256.0,36,"2009-05-29"
"RU-SOT-422534","Sign o' the Times","3286 Hogan Villages Suite 410",70795,340,"RU",12,3524686.0,788804.0,36,"2009-08-15"
"RU-SOU-734674","Southeastern","PSC 4016",10361,135,"RU",12,1835075.0,667761.0,36,"2009-07-31"
"RU-SOX-610412","So","32688 Sosa Key",19348,163,"RU",2,7019613.0,737881.0,36,"2013-06-03"
"RU-SSO-112097","Sonder Son","56970 Tammy Knolls",67014,336,"RU",9,76367801.0,9572790.0,36,"2011-07-18"
"RU-STA-107735","Stankonia","5873 Laura Junctions",24750,441,"RU",12,344769.0,72242.0,36,"2012-07-13"
"RU-SUP-640063","Superfly","17650 Brittany Fords Suite 616",84791,254,"RU",9,40704912.0,3193139.0,36,"2015-01-02"
"RU-TAR-955477","There's a Riot Goin' On","180 Monique Forges Apt. 690",29128,332,"RU",1,2824313.0,359058.0,36,"2017-09-21"
"RU-TBA-190700","The Black Album","8343 Cooper Vista",66761,374,"RU",11,1949161.0,140579.0,36,"2011-02-03"
"RU-TBA-289699","The Band","7880 Long Lodge Apt. 106",20006,395,"RU",13,414925.0,8107.0,36,"2012-07-12"
"RU-TBB-408830","The Beach Boys Today","USNV Williams",64659,286,"RU",11,34715040.0,7288934.0,36,"2013-05-05"
"RU-TBL-585401","The Blueprint","1690 Burgess Point",93855,458,"RU",3,155132.0,68660.0,36,"2021-01-02"
"RU-TBO-856773","The Birth of Soul","589 Kaitlyn Lane Apt. 100",92011,262,"RU",1,53022740.0,5854344.0,36,"2010-11-20"
"RU-TCA-108989","The Cars","483 Jones Underpass Suite 397",53587,262,"RU",1,39164828.0,8854075.0,36,"2020-02-04"
"RU-TCH-518347","The Chronic","46619 Justin Camp",37004,333,"RU",2,2385228.0,397610.0,36,"2010-09-06"
"RU-TDC-278194","The Definitive Collection","16600 Buchanan Mount",34453,119,"RU",11,86130836.0,2348656.0,36,"2015-07-10"
"RU-TDS-120763","The Dark Side of the Moon","72349 Kelly Tunnel Suite 884",71944,285,"RU",10,284207.0,4354.0,36,"2020-10-27"
"RU-TFA-444503","Things Fall Apart","0990 Bird Turnpike Apt. 371",28525,47,"RU",9,416967.0,86750.0,36,"2017-09-25"
"RU-TGP-497506","The Gilded Palace of Sin","Unit 4402 Box 6553",32874,188,"RU",10,496909.0,84699.0,36,"2015-06-28"
"RU-TIB-520617","The Indestructable Beat of Soweto","61026 Schmidt Shoals",50634,322,"RU",8,747814.0,97206.0,36,"2023-10-27"
"RU-TME-403582","The Message","453 Golden Station",66239,96,"RU",2,144971.0,10379.0,36,"2018-05-15"
"RU-TPA-564853","To Pimp a Butterfly","USS Johnson",5412,462,"RU",12,85777320.0,6397140.0,36,"2016-05-20"
"RU-TRA-884395","Transformer","24097 Gonzalez Views Apt. 812",78835,194,"RU",11,62644401.0,7481621.0,36,"2019-10-07"
"RU-TSO-905732","The Shape of Jazz to Come","06212 Robbins Rapid Suite 846",88685,295,"RU",6,6885457.0,24856.0,36,"2016-11-24"
"RU-TSS-250757","The Sun Sessions","92165 Mary Stream Apt. 168",46668,213,"RU",9,244431.0,6321.0,36,"2009-09-18"
"RU-TTN-391748","Tonight's the Night","12681 Cannon Mews Apt. 477",4798,488,"RU",4,250371.0,62889.0,36,"2014-10-12"
"RU-TTW-767791","That's the Way of the World","4455 Watson Course",13524,395,"RU",13,11201551.0,6885430.0,36,"2012-02-16"
"RU-TVU-955315","The Velvet Underground & Nico","5944 Ray Crescent",43128,251,"RU",3,460795.0,75031.0,36,"2018-12-01"
"RU-UVI-225207","Ultra Violet","90697 Juan Glen",84664,18,"RU",2,673379.0,36927.0,36,"2013-10-14"
"RU-VHA-377539","Van Halen","08037 Bentley Path Suite 485",22121,147,"RU",6,936798.0,73221.0,36,"2009-09-25"
"RU-WGO-913070","What's Going On","851 Medina Hill",77855,27,"RU",2,4216213.0,480147.0,36,"2017-05-25"
"RU-WLR-109056","Whole Lotta Red","215 Guerra Gardens",18571,29,"RU",2,376047.0,97567.0,36,"2013-03-08"
"RU-WWA-902540","When We All Fall Asleep, Where Do We Go?","389 Charles Street Suite 838",15163,338,"RU",4,901948.0,759068.0,36,"2013-11-11"
"RU-WZO-122468","Wowee Zowee","378 Berry Plaza Apt. 309",16302,103,"RU",4,8451836.0,576451.0,36,"2023-04-23"
"SE-OTW-235737","Off the Wall","9234 Bill Route Apt. 905",68011,87,"SE",13,1811239.0,523152.0,30,"2010-06-09"
"SI-TDO-245532","The Doors","9148 Barbara Lodge Suite 546",79910,246,"SI",12,85007129.0,3924898.0,28,"2019-08-22"
"SK-TRA-454715","The Raincoats","460 Cruz Manors Apt. 195",68632,132,"SK",12,8063833.0,817984.0,27,"2016-08-07"
"UA-ABE-668114","American Beauty","705 Robinson Squares Suite 730",30036,375,"UA",2,7947261.0,381647.0,41,"2019-03-14"
"UA-AID-421229","American Idiot","546 Kennedy Extensions Suite 171",70378,193,"UA",13,83562469.0,7677866.0,41,"2012-02-21"
"UA-AJA-935443","Aja","1817 Ashley Glen",1783,219,"UA",9,2517587.0,697946.0,41,"2010-12-25"
"UA-ALA-391528","At Last","59863 Dodson Circles Apt. 792",55697,166,"UA",2,601495.0,33531.0,41,"2020-09-03"
"UA-BIA-389554","Bringing It All Back Home","60812 Oliver Mill",84549,193,"UA",11,369696.0,59265.0,41,"2022-11-21"
"UA-EAT-819575","Eli and the 13th Confession","28097 Thomas Dale Suite 022",85945,166,"UA",5,70200563.0,5542865.0,41,"2022-08-12"
"UA-FAI-466455","Faith","28189 Alicia Valleys",29403,113,"UA",1,972826.0,70770.0,41,"2019-02-25"
"UA-FLY-369859","Fly","163 Laura Shores",53291,496,"UA",10,640069.0,99430.0,41,"2017-06-04"
"UA-HOR-274923","Horses","320 Roberto Route",12128,219,"UA",5,9694314.0,17602.0,41,"2014-01-17"
"UA-INN-788052","Innervisions","96685 Torres Coves",16860,360,"UA",2,85675916.0,691004.0,41,"2010-07-23"
"UA-ITI-108374","Is This It?","40024 Davenport Ports",79395,166,"UA",12,549500.0,73068.0,41,"2015-04-14"
"UA-IWT-764180","I Want to See the Bright Lights Tonight","99244 Danny Crossroad",76937,38,"UA",3,542203.0,84372.0,41,"2012-07-27"
"UA-LAN-667093","Los Angeles","USNV Gibbs",78014,231,"UA",6,372318.0,16302.0,41,"2020-12-22"
"UA-MIT-591104","Moanin' in the Moonlight","6905 Denise Curve Apt. 962",54093,38,"UA",11,417631.0,507541.0,41,"2023-10-20"
"UA-PEA-333114","Pearl","83801 King Pine",59761,113,"UA",7,295221.0,90357.0,41,"2020-02-11"
"UA-PHM-555198","Pretty Hate Machine","7162 Sherman Fork",63306,231,"UA",1,2752631.0,210758.0,41,"2015-07-28"
"UA-RAP-349757","Rapture","1062 Glenn Union Apt. 721",50681,293,"UA",12,44061843.0,6824359.0,41,"2011-07-14"
"UA-RAT-542830","Rage Against the Machine","81881 White Inlet Suite 446",85651,56,"UA",3,290439.0,79797.0,41,"2023-03-24"
"UA-RDO-539838","Reasonable Doubt","700 Nichole Lake",3571,33,"UA",12,687602.0,51472.0,41,"2010-01-29"
"UA-RED-241200","Red","8888 Laura Shore",31893,360,"UA",13,789613.0,13905.0,41,"2012-08-02"
"UA-REV-183668","Revolver","2726 Ashley Forks",58969,38,"UA",7,955608.0,69005.0,41,"2011-11-24"
"UA-RFI-326760","Rapid Fire","220 Garcia Brook",21013,235,"UA",8,551991.0,67976.0,41,"2011-12-26"
"UA-SGS-971445","Singles Going Steady","9866 Carl Forges",50657,34,"UA",8,54383.0,3012.0,41,"2019-07-05"
"UA-SOC-441213","Straight Outta Compton","7044 Alvarez Shoal Suite 063",53821,125,"UA",3,41033.0,18588.0,41,"2013-01-04"
"UA-STA-684829","Stand!","3027 Scott Cove",38872,291,"UA",12,259387.0,4030.0,41,"2012-08-09"
"UA-TBO-562872","The Best of the Classic Years","4748 Marquez Lock Apt. 503",54823,6,"UA",13,4471605.0,919827.0,41,"2019-05-17"
"UA-TCH-628237","Tracy Chapman","82999 Woods Parkways",96600,496,"UA",11,2064288.0,655479.0,41,"2019-09-15"
"UA-TLO-470936","Third/Sister Lovers","82928 Steven Hill Apt. 102",64479,312,"UA",13,189782.0,79514.0,41,"2021-03-27"
"UA-TMO-995617","The Miseducation of Lauryn Hill","USCGC Brennan",67003,125,"UA",3,512692.0,79253.0,41,"2017-04-11"
"UA-TQI-467507","The Queen Is Dead","89296 Brad Shores Apt. 775",44545,219,"UA",8,699740.0,909437.0,41,"2015-12-11"
"UA-TTR-938415","Time The Revelator","1987 Clements Knolls",34250,263,"UA",6,7516787.0,505504.0,41,"2016-08-24"
"UA-TVR-736512","The Velvet Rope","851 Cooley Freeway",7342,187,"UA",8,86189520.0,4189898.0,41,"2022-06-13"
"UA-WIT-688177","Wild Is the Wind","459 Shane Glens Suite 943",1722,193,"UA",3,854783.0,95620.0,41,"2010-02-24"
"UA-WOL-766012","Wolf","47242 Robin Estate Suite 304",77145,141,"UA",5,122270.0,10282.0,41,"2020-12-20"
"XK-TBE-784118","The Bends","33633 Riggs Lake Apt. 794",34666,92,"XK",1,4461594.0,414408.0,33,"2011-12-18"
